"Id","value","variable"
301530,"DB4108","TRW"
302310,"DB4202","TRW"
302320,"DB4158","TRW"
302330,"DB4013","TRW"
302340,"DB4201","TRW"
302510,"DB4028","TRW"
303610,"DB4002","TRW"
303630,"DB4134","TRW"
303640,"DB4006","TRW"
303650,"DB4229","TRW"
303720,"DB4096","TRW"
303730,"DB4023","TRW"
303910,"DB4245","TRW"
303920,"DB4066","TRW"
304201,"DB4014","TRW"
304320,"DB4262","TRW"
304710,"DB4081","TRW"
304720,"DB4127","TRW"
304780,"DB4299","TRW"
304790,"DB4188","TRW"
305010,"DB4273","TRW"
309910,"DB4127","TRW"
309920,"DB4036","TRW"
600101,"DF4377","TRW"
600102,"DF4479","TRW"
600103,"DF4476","TRW"
600104,"DF4478S","TRW"
600105,"DF4440","TRW"
600106,"DF4477","TRW"
600107,"DF6450","TRW"
600108,"DF8070","TRW"
600109,"DF6347","TRW"
600201,"DF4052","TRW"
600202,"DF4756","TRW"
600203,"DF4209","TRW"
600204,"DF4754","TRW"
600205,"DF7911","TRW"
600207,"DF4866S","TRW"
600210,"DF4470","TRW"
600211,"DF4695S","TRW"
600212,"DF4126","TRW"
600213,"DF4039","TRW"
600214,"DF4818S","TRW"
600215,"DF4848","TRW"
600216,"DF6014S","TRW"
600217,"DF6015S","TRW"
600218,"DF4350S","TRW"
600220,"DF4764S","TRW"
600221,"DF4760S","TRW"
600222,"DF4268S","TRW"
600223,"DF4269","TRW"
600224,"DF6189S","TRW"
600225,"DF6148","TRW"
600226,"DF6149S","TRW"
600228,"DF6216","TRW"
600229,"DF6175S","TRW"
600230,"DF4776","TRW"
600231,"DF4893S","TRW"
600232,"DF4759S","TRW"
600233,"DF6041S","TRW"
600234,"DF4784","TRW"
600235,"DF4785","TRW"
600301,"DF4450","TRW"
600302,"DF4459","TRW"
600303,"DF4449","TRW"
600304,"DF4359","TRW"
600305,"DF4360","TRW"
600306,"DF4448","TRW"
600307,"DF4451","TRW"
600308,"DF6313","TRW"
600309,"DF4447","TRW"
600310,"DF4248S","TRW"
600311,"DF6255","TRW"
600312,"DF6137","TRW"
600313,"DF6143S","TRW"
600314,"DF6747S","TRW"
600315,"DF6749S","TRW"
600316,"DF6755","TRW"
600317,"DF6756","TRW"
600318,"DF6757","TRW"
600319,"DF4775S","TRW"
600320,"DF4802","TRW"
600321,"DF4807S","TRW"
600322,"DF4361","TRW"
600323,"DF6299","TRW"
600324,"DF4460S","TRW"
600325,"DF4461S","TRW"
600326,"DF4349S","TRW"
600327,"DF4390S","TRW"
600328,"DF4389S","TRW"
600329,"DF6476S","TRW"
600330,"DF4391","TRW"
600331,"DF4187S","TRW"
600332,"DF4392S","TRW"
600333,"DF4388","TRW"
600334,"DF4189","TRW"
600335,"DF4854S","TRW"
600336,"DF4852S","TRW"
600337,"DF6070S","TRW"
600338,"DF4853S","TRW"
600339,"DF6408S","TRW"
600340,"DF4212","TRW"
600341,"DF6616S","TRW"
600342,"DF6603S","TRW"
600343,"DF8050","TRW"
600344,"DF6512S","TRW"
600345,"DF6513S","TRW"
600346,"DF6602S","TRW"
600347,"DF6605S","TRW"
600348,"DF6624S","TRW"
600349,"DF6625S","TRW"
600350,"DF6615S","TRW"
600351,"DF6610S","TRW"
600352,"DF6617S","TRW"
600353,"DF6352S","TRW"
600354,"DF6220S","TRW"
600355,"DF6143S","TRW"
600401,"DF7475","TRW"
600402,"DF6340","TRW"
600403,"DF6363","TRW"
600404,"DF6024","TRW"
600405,"DF7923","TRW"
600406,"DF7381","TRW"
600407,"DF6254","TRW"
600408,"DF6031","TRW"
600409,"DF6360","TRW"
600501,"DF4346","TRW"
600502,"DF4336","TRW"
600503,"DF4190","TRW"
600504,"DF4931","TRW"
600505,"DF6253S","TRW"
600506,"DF6415","TRW"
600507,"DF6325","TRW"
600508,"DF4874S","TRW"
600509,"DF4533","TRW"
600510,"DF4875","TRW"
600511,"DF4550","TRW"
600602,"DF2059BS","TRW"
600603,"DF4363","TRW"
600605,"DF4751S","TRW"
600606,"DF6657","TRW"
600607,"DF6667","TRW"
600608,"DF6427S","TRW"
600609,"DF4141","TRW"
600610,"DF4256","TRW"
600611,"DF6020S","TRW"
600612,"DF4945","TRW"
600613,"DF4748S","TRW"
600614,"DF4971","TRW"
600615,"DF4750","TRW"
600620,"DF4752","TRW"
600621,"DF4433","TRW"
600622,"DF6174","TRW"
600701,"DF6072","TRW"
600703,"DF4381","TRW"
600704,"DF6186","TRW"
600705,"DF6200","TRW"
600901,"DF4375","TRW"
600902,"DF6424","TRW"
600903,"DF4475","TRW"
600904,"DF4740","TRW"
600905,"DF4284","TRW"
600906,"DF4737","TRW"
600907,"DF4741","TRW"
600908,"DF6522","TRW"
600909,"DF6228","TRW"
600910,"DF6231","TRW"
600911,"DF6173","TRW"
601001,"DF4208","TRW"
601002,"DF6509","TRW"
601003,"DF4850S","TRW"
601004,"DF6138","TRW"
601005,"DF6399","TRW"
601006,"DF6676S","TRW"
601007,"DF6150","TRW"
601008,"DF6139","TRW"
601009,"DF6662S","TRW"
601011,"DF2390S","TRW"
601012,"DF4821S","TRW"
601013,"DF6049","TRW"
601014,"DF2389S","TRW"
601015,"DF6811","TRW"
601016,"DF6781S","TRW"
601017,"DF6711","TRW"
601018,"DF6748","TRW"
601019,"DF6514S","TRW"
601020,"DF4025","TRW"
601021,"DF6752S","TRW"
601022,"DF6510S","TRW"
601030,"DF6019S","TRW"
601040,"DF4766","TRW"
601050,"DF6185S","TRW"
601201,"DF4432S","TRW"
601202,"DF4428","TRW"
601203,"DF6437","TRW"
601204,"DF4152","TRW"
601206,"DF4429","TRW"
601207,"DF6432S","TRW"
601208,"DF4982","TRW"
601209,"DF6678","TRW"
601210,"DF4431","TRW"
601211,"DF4288","TRW"
601213,"DF4837","TRW"
601214,"DF4486","TRW"
601215,"DF4191","TRW"
601216,"DF4825","TRW"
601217,"DF6527","TRW"
601218,"DF6689","TRW"
601219,"DF6526","TRW"
601220,"DF7374","TRW"
601221,"DF4857S","TRW"
601222,"DF7163","TRW"
601223,"DF6378","TRW"
601224,"DF6673","TRW"
601225,"DF6318","TRW"
601301,"DF4922","TRW"
601302,"DF6108S","TRW"
601303,"DF4923","TRW"
601304,"DF6628","TRW"
601305,"DF6794","TRW"
601306,"DF8056","TRW"
601307,"DF7592","TRW"
601308,"DF6367","TRW"
601309,"DF7973","TRW"
601310,"DF4803","TRW"
601311,"DF6040","TRW"
601312,"DF4409","TRW"
601313,"DF4281","TRW"
601320,"DF4839","TRW"
601321,"DF4283","TRW"
601322,"DF6431","TRW"
601323,"DF4957S","TRW"
601324,"DF4287","TRW"
601325,"DF4291","TRW"
601326,"DF6690","TRW"
601327,"DF6222","TRW"
601502,"DF2767","TRW"
601503,"DF4055","TRW"
601506,"DF4069","TRW"
601515,"DF2556","TRW"
601520,"DF2557","TRW"
601525,"DF2769","TRW"
601530,"DF2555","TRW"
601535,"DF1538","TRW"
601537,"DF2768","TRW"
601539,"DF2783","TRW"
601540,"DF1537","TRW"
601550,"DF2602S","TRW"
601555,"DF1569","TRW"
601565,"DF2687","TRW"
601590,"DF1539","TRW"
601604,"DF4885S","TRW"
601605,"DF6386","TRW"
601606,"DF6263","TRW"
601607,"DF6341","TRW"
601608,"DF4914S","TRW"
601609,"DF6251","TRW"
601610,"DF4979S","TRW"
601611,"DF6492","TRW"
601701,"DF4394","TRW"
601702,"DF4395S","TRW"
601703,"DF4924S","TRW"
601704,"DF4925","TRW"
601705,"DF7953","TRW"
601706,"DF6116","TRW"
601708,"DF6198","TRW"
601709,"DF7928","TRW"
601710,"DF6081S","TRW"
601711,"DF7996","TRW"
601712,"DF7819","TRW"
601713,"DF6144","TRW"
601920,"DF1122","TRW"
601923,"DF2754","TRW"
601925,"DF4184","TRW"
601929,"DF4849S","TRW"
601930,"DF4215","TRW"
601933,"DF4257","TRW"
601939,"DF4452BS","TRW"
601940,"DF2808","TRW"
601945,"DF2815","TRW"
601950,"DF4183","TRW"
602001,"DF4790","TRW"
602201,"DF4328","TRW"
602202,"DF2705","TRW"
602203,"DF4966","TRW"
602204,"DF6793","TRW"
602205,"DF4169","TRW"
602206,"DF6661S","TRW"
602207,"DF4419","TRW"
602208,"DF4420","TRW"
602209,"DF4385","TRW"
602211,"DF6731","TRW"
602212,"DF6659","TRW"
602213,"DF4468","TRW"
602214,"DF8115","TRW"
602216,"DF6792","TRW"
602217,"DF8052","TRW"
602218,"DF8053","TRW"
602219,"DF4958S","TRW"
602220,"DF2576","TRW"
602221,"DF4974S","TRW"
602222,"DF6385","TRW"
602223,"DF8043","TRW"
602224,"DF4970S","TRW"
602226,"DF4967","TRW"
602227,"DF4968S","TRW"
602230,"DF2611","TRW"
602240,"DF2591","TRW"
602260,"DF4018","TRW"
602270,"DF4006","TRW"
602275,"DF4000","TRW"
602280,"DF4364","TRW"
602285,"DF4743","TRW"
602290,"DF4254","TRW"
602301,"DF4264","TRW"
602302,"DF4261","TRW"
602303,"DF4270","TRW"
602305,"DF4134Â ","TRW"
602307,"DF4393","TRW"
602310,"DF1721","TRW"
602312,"DF4919S","TRW"
602313,"DF4823S","TRW"
602314,"DF1791","TRW"
602315,"DF4472S","TRW"
602316,"DF4471S","TRW"
602317,"DF6744S","TRW"
602318,"DF6745S","TRW"
602319,"DF6242S","TRW"
602320,"DF2734","TRW"
602321,"DF1790","TRW"
602324,"DF4916S","TRW"
602327,"DF1757","TRW"
602331,"DF4037","TRW"
602332,"DF6501","TRW"
602333,"DF6548","TRW"
602334,"DF6376","TRW"
602338,"DF2788S","TRW"
602345,"DF2787","TRW"
602348,"DF4796","TRW"
602350,"DF1747","TRW"
602360,"DF4034","TRW"
602361,"DF4383","TRW"
602362,"DF4223","TRW"
602363,"DF4454","TRW"
602364,"DF4453","TRW"
602365,"DF4436","TRW"
602366,"DF4149S","TRW"
602367,"DF4224","TRW"
602370,"DF6153S","TRW"
602371,"DF6682S","TRW"
602372,"DF4948","TRW"
602373,"DF4947","TRW"
602374,"DF4813S","TRW"
602375,"DF4805","TRW"
602376,"DF4864S","TRW"
602377,"DF6195S","TRW"
602378,"DF4863S","TRW"
602379,"DF6110","TRW"
602380,"DF7351S","TRW"
602381,"DF4148S","TRW"
602382,"DF4915","TRW"
602383,"DF6077S","TRW"
602401,"DF4799","TRW"
602402,"DF4197","TRW"
602403,"DF6010","TRW"
602404,"DF6799","TRW"
602405,"DF6795","TRW"
602410,"DF4198","TRW"
602501,"DF6206","TRW"
602502,"DF6177","TRW"
602503,"DF4147","TRW"
602504,"DF4218","TRW"
602505,"DF1654","TRW"
602506,"DF4277","TRW"
602507,"DF4407","TRW"
602511,"DF4944S","TRW"
602512,"DF4463","TRW"
602513,"DF4457","TRW"
602514,"DF4193","TRW"
602516,"DF4809","TRW"
602517,"DF3118","TRW"
602518,"DF4973","TRW"
602519,"DF4933","TRW"
602520,"DF1649","TRW"
602521,"DF7061S","TRW"
602522,"DF4920","TRW"
602523,"DF6598","TRW"
602524,"DF4870","TRW"
602525,"DF1642","TRW"
602526,"DF4845","TRW"
602527,"DF4943S","TRW"
602535,"DF1653","TRW"
602540,"DF1647","TRW"
602541,"DF2647","TRW"
602544,"DF4217","TRW"
602545,"DF1658","TRW"
602546,"DF2777","TRW"
602550,"DF2753","TRW"
602554,"DF4216","TRW"
602560,"DF1622","TRW"
602564,"DF2776","TRW"
602565,"DF1623","TRW"
602575,"DF2622","TRW"
602580,"DF2623","TRW"
602585,"DF2752","TRW"
602590,"DF4036","TRW"
602595,"DF2786","TRW"
602601,"DF4316","TRW"
602603,"DF2592","TRW"
602606,"DF6471","TRW"
602607,"DF6533","TRW"
602608,"DF6430","TRW"
602609,"DF4353","TRW"
602611,"DF6051","TRW"
602612,"DF6786","TRW"
602613,"DF6787","TRW"
602615,"DF3021","TRW"
602620,"DF4964","TRW"
602621,"DF6142","TRW"
602622,"DF7369","TRW"
602623,"DF4983S","TRW"
602624,"DF4745","TRW"
602625,"DF4989S","TRW"
602635,"DF1436","TRW"
602640,"DF2646","TRW"
602670,"DF4402","TRW"
602702,"DF4344","TRW"
602703,"DF4265S","TRW"
602705,"DF4936","TRW"
602706,"DF6260","TRW"
602707,"DF6819","TRW"
602708,"DF6820","TRW"
602709,"DF6339","TRW"
602710,"DF6783","TRW"
602711,"DF6629","TRW"
602712,"DF2816S","TRW"
602713,"DF6751S","TRW"
602714,"DF6371","TRW"
602716,"DF4995S","TRW"
602717,"DF4996S","TRW"
602718,"DF4928S","TRW"
602719,"DF6113S","TRW"
602726,"DF6312","TRW"
602727,"DF6112","TRW"
602801,"DF6042BS","TRW"
602803,"DF6128BS","TRW"
602804,"DF4963","TRW"
602805,"DF4932","TRW"
602806,"DF4962S","TRW"
602807,"DF6632","TRW"
602808,"DF6698","TRW"
602809,"DF6656","TRW"
602810,"DF6121","TRW"
602811,"DF6419","TRW"
602812,"DF6134","TRW"
602850,"DF4351","TRW"
603001,"DF4691","TRW"
603010,"DF1443","TRW"
603012,"DF6208S","TRW"
603013,"DF6534","TRW"
603015,"DF4274BS","TRW"
603016,"DF4414BS","TRW"
603017,"DF6372","TRW"
603018,"DF6131S","TRW"
603019,"DF6120","TRW"
603020,"DF4259S","TRW"
603021,"DF6448","TRW"
603022,"DF6182","TRW"
603031,"DF4231S","TRW"
603032,"DF4690BS","TRW"
603033,"DF6184","TRW"
603034,"DF6044BS","TRW"
603035,"DF4230","TRW"
603040,"DF6043BS","TRW"
603041,"DF6190BS","TRW"
603042,"DF6203BS","TRW"
603205,"DF4120","TRW"
603207,"DF4384","TRW"
603240,"DF2704","TRW"
603265,"DF4386","TRW"
603270,"DF2705","TRW"
603275,"DF4442","TRW"
603301,"DF6252","TRW"
603307,"DF2594","TRW"
603310,"DF1573","TRW"
603316,"DF4373","TRW"
603317,"DF4356","TRW"
603320,"DF1583","TRW"
603325,"DF1581","TRW"
603330,"DF2794","TRW"
603335,"DF2797","TRW"
603340,"DF2790","TRW"
603341,"DF2812","TRW"
603342,"DF2813","TRW"
603343,"DF4822S","TRW"
603344,"DF4089S","TRW"
603345,"DF2757","TRW"
603346,"DF4035","TRW"
603350,"DF1577","TRW"
603355,"DF2654","TRW"
603360,"DF2653","TRW"
603368,"DF4087S","TRW"
603370,"DF1581","TRW"
603375,"DF4088S","TRW"
603390,"DF2656","TRW"
603395,"DF4180","TRW"
603410,"DF1958","TRW"
603460,"DF4102","TRW"
603501,"DF4961","TRW"
603515,"DF4083","TRW"
603520,"DF4135","TRW"
603540,"DF4865S","TRW"
603541,"DF6123","TRW"
603542,"DF4839","TRW"
603544,"DF4458","TRW"
603545,"DF4801","TRW"
603601,"DF3032","TRW"
603602,"DF4104","TRW"
603603,"DF1437","TRW"
603606,"DF7328","TRW"
603607,"DF6290","TRW"
603608,"DF6306","TRW"
603610,"DF1608","TRW"
603612,"DF4293","TRW"
603613,"DF4376","TRW"
603614,"DF4549","TRW"
603615,"DF1609","TRW"
603617,"DF4165","TRW"
603624,"DF2773","TRW"
603625,"DF1625","TRW"
603630,"DF1624","TRW"
603631,"DF4051","TRW"
603633,"DF4050","TRW"
603639,"DF4275S","TRW"
603640,"DF1621","TRW"
603641,"DF4225","TRW"
603642,"DF4131","TRW"
603643,"DF4234","TRW"
603644,"DF4249S","TRW"
603646,"DF4266","TRW"
603648,"DF4273BS","TRW"
603650,"DF2663","TRW"
603652,"DF4426","TRW"
603655,"DF2714","TRW"
603660,"DF2645","TRW"
603665,"DF2772","TRW"
603670,"DF2778S","TRW"
603675,"DF4042","TRW"
603680,"DF4236","TRW"
603690,"DF2720","TRW"
603695,"DF4048","TRW"
603696,"DF4246","TRW"
603701,"DF7371S","TRW"
603702,"DF6214","TRW"
603703,"DF6351","TRW"
603704,"DF7839","TRW"
603706,"DF6135","TRW"
603707,"DF6232","TRW"
603708,"DF6122","TRW"
603709,"DF6178","TRW"
603710,"DF2781","TRW"
603711,"DF6684","TRW"
603720,"DF2722","TRW"
603740,"DF2796","TRW"
603750,"DF2782","TRW"
603755,"DF4362","TRW"
603770,"DF4185","TRW"
603901,"DF6679","TRW"
603903,"DF6324","TRW"
603905,"DF1032","TRW"
603906,"DF4161","TRW"
603907,"DF4441","TRW"
603908,"DF4445S","TRW"
603909,"DF4415S","TRW"
603910,"DF1015","TRW"
603911,"DF4828S","TRW"
603912,"DF4939S","TRW"
603913,"DF4808","TRW"
603914,"DF4109","TRW"
603915,"DF1030","TRW"
603917,"DF7127","TRW"
603918,"DF2706BS","TRW"
603919,"DF4494","TRW"
603920,"DF1013","TRW"
603921,"DF4179","TRW"
603922,"DF4227BS","TRW"
603923,"DF4229S","TRW"
603924,"DF4446","TRW"
603925,"DF4110","TRW"
603926,"DF4272BS","TRW"
603927,"DF4917","TRW"
603928,"DF6782S","TRW"
603929,"DF4371","TRW"
603930,"DF1016","TRW"
603931,"DF4830","TRW"
603932,"DF4811","TRW"
603933,"DF4810","TRW"
603934,"DF4417","TRW"
603935,"DF4927","TRW"
603936,"DF6268","TRW"
603937,"DF4829","TRW"
603938,"DF8031S","TRW"
603939,"DF6319","TRW"
603940,"DF2586","TRW"
603941,"DF6145","TRW"
603942,"DF4832","TRW"
603950,"DF4111","TRW"
603960,"DF4380","TRW"
603961,"DF1431","TRW"
603962,"DF4335","TRW"
603963,"DF4317","TRW"
603964,"DF4404","TRW"
603965,"DF4906","TRW"
603966,"DF4806","TRW"
603967,"DF4804","TRW"
603968,"DF4842","TRW"
603969,"DF4800","TRW"
603970,"DF4163","TRW"
604101,"DF4066","TRW"
604102,"DF4053S","TRW"
604103,"DF4238","TRW"
604104,"DF4339","TRW"
604105,"DF6187","TRW"
604107,"DF4844","TRW"
604108,"DF4338","TRW"
604110,"DF4731","TRW"
604111,"DF4340S","TRW"
604112,"DF6387","TRW"
604113,"DF6536","TRW"
604114,"DF6653","TRW"
604115,"DF6535","TRW"
604116,"DF6472S","TRW"
604117,"DF6308","TRW"
604201,"DF4718S","TRW"
604202,"DF6482","TRW"
604204,"DF6133S","TRW"
604205,"DF6124S","TRW"
604206,"DF4310S","TRW"
604207,"DF6695S","TRW"
604208,"DF6499S","TRW"
604209,"DF4487S","TRW"
604230,"DF4762S","TRW"
604231,"DF4763S","TRW"
604240,"DF4309S","TRW"
604305,"DF2765","TRW"
604510,"DF1423","TRW"
604522,"DF4469","TRW"
604530,"DF2683","TRW"
604550,"DF2658","TRW"
604565,"DF4046","TRW"
604570,"DF4112","TRW"
604582,"DF4403","TRW"
604584,"DF4379","TRW"
604590,"DF4416","TRW"
604709,"DF2631","TRW"
604710,"DF1530","TRW"
604715,"DF1526","TRW"
604720,"DF1517","TRW"
604725,"DF2652","TRW"
604730,"DF2651","TRW"
604731,"DF4253","TRW"
604732,"DF2601","TRW"
604733,"DF1596","TRW"
604735,"DF2780","TRW"
604737,"DF2598","TRW"
604739,"DF4434","TRW"
604740,"DF2805","TRW"
604741,"DF2597","TRW"
604743,"DF4358S","TRW"
604745,"DF4045","TRW"
604746,"DF2665","TRW"
604750,"DF4062","TRW"
604752,"DF2730","TRW"
604753,"DF4027","TRW"
604755,"DF2619","TRW"
604757,"DF2771","TRW"
604758,"DF2803","TRW"
604760,"DF2806","TRW"
604765,"DF2804","TRW"
604767,"DF4047","TRW"
604768,"DF2809","TRW"
604770,"DF4026","TRW"
604772,"DF4323","TRW"
604773,"DF4262S","TRW"
604775,"DF1521","TRW"
604778,"DF4186","TRW"
604780,"DF1532","TRW"
604782,"DF4211","TRW"
604784,"DF4464S","TRW"
604785,"DF1593","TRW"
604786,"DF4558","TRW"
604787,"DF4294","TRW"
604788,"DF4295","TRW"
604789,"DF4276","TRW"
604794,"DF4271","TRW"
604796,"DF4308S","TRW"
604797,"DF4312","TRW"
604815,"DF4054","TRW"
604840,"DF2784","TRW"
604848,"DF4465","TRW"
604849,"DF4424","TRW"
604895,"DF4422","TRW"
604896,"DF4372","TRW"
605005,"DF4557","TRW"
605008,"DF4439","TRW"
605009,"DF7218","TRW"
605015,"DF4547","TRW"
605020,"DF4880","TRW"
605025,"DF4123","TRW"
605035,"DF1925","TRW"
605214,"DF4824","TRW"
605220,"DF6023","TRW"
609320,"DF2678","TRW"
609330,"DF4508","TRW"
609910,"DF1217","TRW"
609915,"DF1220","TRW"
609920,"DF1120","TRW"
609922,"DF1749","TRW"
609923,"DF2566","TRW"
609925,"DF1221","TRW"
609926,"DF1739","TRW"
609930,"DF1745","TRW"
609935,"DF1529","TRW"
609940,"DF1533","TRW"
609942,"DF2716","TRW"
609950,"DF1516","TRW"
609955,"DF2686","TRW"
609965,"DF2728","TRW"
609980,"DF2721","TRW"
609981,"DF4771S","TRW"
609982,"DF4770","TRW"
609990,"DF2581","TRW"
301530,"14.5810.10","BREMBO"
302310,"14.7126.20","BREMBO"
302320,"14.6755.10","BREMBO"
302330,"14.3152.10","BREMBO"
302340,"14.7260.10","BREMBO"
302510,"14.5722.10","BREMBO"
303610,"14.4719.10","BREMBO"
303620,"14.4718.10","BREMBO"
303630,"14.6796.10","BREMBO"
303640,"14.4978.10","BREMBO"
303650,"14.7715.10","BREMBO"
303720,"14.3283.10","BREMBO"
303730,"14.3161.10","BREMBO"
303910,"14.7754.10","BREMBO"
303920,"14.5493.10","BREMBO"
304201,"14.3251.10","BREMBO"
304320,"14.9386.10","BREMBO"
304710,"14.3256.50","BREMBO"
304720,"14.3251.10","BREMBO"
304790,"14.5927.10","BREMBO"
309910,"14.3251.10","BREMBO"
309920,"14.3252.10","BREMBO"
600101,"09.5180.30","BREMBO"
600102,"08.3126.10","BREMBO"
600103,"09.9363.10","BREMBO"
600104,"09.9365.10","BREMBO"
600201,"08.9148.11","BREMBO"
600202,"08.A332.10","BREMBO"
600203,"09.8689.11","BREMBO"
600204,"09.A200.10","BREMBO"
600205,"09.7011.10","BREMBO"
600207,"09.A820.11","BREMBO"
600210,"09.9540.11","BREMBO"
600211,"09.9915.11","BREMBO"
600212,"08.9751.10","BREMBO"
600213,"08.9084.11","BREMBO"
600214,"09.8842.20","BREMBO"
600215,"08.A759.10","BREMBO"
600216,"09.B039.10","BREMBO"
600217,"09.A758.10","BREMBO"
600218,"09.A201.10","BREMBO"
600220,"09.A062.11","BREMBO"
600221,"09.A063.11","BREMBO"
600222,"08.5366.10","BREMBO"
600223,"09.A269.11","BREMBO"
600301,"09.9793.11","BREMBO"
600302,"09.A295.11","BREMBO"
600303,"09.9752.11","BREMBO"
600304,"09.9173.11","BREMBO"
600305,"09.9425.11","BREMBO"
600306,"08.9787.10","BREMBO"
600307,"08.A205.10","BREMBO"
600320,"09.A604.11","BREMBO"
600321,"09.B337.21","BREMBO"
600322,"09.9172.11","BREMBO"
600323,"09.B313.11","BREMBO"
600324,"09.A259.10","BREMBO"
600325,"09.A270.10","BREMBO"
600326,"09.9355.10","BREMBO"
600327,"09.9166.10","BREMBO"
600328,"09.9352.10","BREMBO"
600329,"09.A712.11","BREMBO"
600330,"09.9164.10","BREMBO"
600331,"09.8697.81","BREMBO"
600332,"09.9581.10","BREMBO"
600333,"09.9573.10","BREMBO"
600334,"08.7019.80","BREMBO"
600335,"09.9925.11","BREMBO"
600336,"09.9923.11","BREMBO"
600337,"09.9924.11","BREMBO"
600338,"09.9922.11","BREMBO"
600339,"09.9921.11","BREMBO"
600340,"09.9590.10","BREMBO"
600401,"09.B355.10","BREMBO"
600402,"08.B357.10","BREMBO"
600404,"09.A629.10","BREMBO"
600405,"09.B356.10","BREMBO"
600406,"08.A872.10","BREMBO"
600501,"09.9743.10","BREMBO"
600502,"08.A351.10","BREMBO"
600503,"09.9133.80","BREMBO"
600602,"8.9512.10","BREMBO"
600603,"09.9935.14","BREMBO"
600605,"09.A235.10","BREMBO"
600610,"09.5870.30","BREMBO"
600611,"09.A422.10","BREMBO"
600612,"08.A456.10","BREMBO"
600620,"08.8094.60","BREMBO"
600621,"09.8670.10","BREMBO"
600622,"09.A738.14","BREMBO"
600703,"08.A268.10","BREMBO"
600901,"09.8616.10","BREMBO"
600902,"09.A444.40","BREMBO"
600903,"09.9399.11","BREMBO"
600904,"08.9460.10","BREMBO"
600905,"09.9505.11","BREMBO"
600906,"09.4939.34","BREMBO"
600907,"09.A296.14","BREMBO"
601001,"08.9176.10","BREMBO"
601003,"09.A427.11","BREMBO"
601006,"09.A728.10","BREMBO"
601011,"09.A531.10","BREMBO"
601012,"08.A730.10","BREMBO"
601013,"08.A530.10","BREMBO"
601014,"09.A529.10","BREMBO"
601020,"08.7354.10","BREMBO"
601040,"08.A540.11","BREMBO"
601050,"09.A426.11","BREMBO"
601201,"09.A272.11","BREMBO"
601202,"08.A327.11","BREMBO"
601203,"09.B269.10","BREMBO"
601204,"09.9554.10","BREMBO"
601210,"08.B653.11","BREMBO"
601211,"09.9544.10","BREMBO"
601213,"08.A147.10","BREMBO"
601214,"09.6752.20","BREMBO"
601215,"08.5719.10","BREMBO"
601302,"09.A532.10","BREMBO"
601310,"08.A602.10","BREMBO"
601311,"09.9998.10","BREMBO"
601312,"09.9541.10","BREMBO"
601313,"08.A114.20","BREMBO"
601320,"09.A445.10","BREMBO"
601321,"09.A706.11","BREMBO"
601322,"09.B594.10","BREMBO"
601324,"08.A446.10","BREMBO"
601325,"09.9079.10","BREMBO"
601326,"08.A600.10","BREMBO"
601327,"09.A601.10","BREMBO"
601502,"09.7727.10","BREMBO"
601503,"09.7701.11","BREMBO"
601506,"09.7702.10","BREMBO"
601515,"09.5142.24","BREMBO"
601520,"08.5174.34","BREMBO"
601525,"09.6924.11","BREMBO"
601530,"08.5141.20","BREMBO"
601535,"09.5390.77","BREMBO"
601537,"08.6917.10","BREMBO"
601539,"09.6841.14","BREMBO"
601540,"08.5359.14","BREMBO"
601550,"09.5579.21","BREMBO"
601555,"08.3068.10","BREMBO"
601565,"09.5875.10","BREMBO"
601590,"08.5366.24","BREMBO"
601701,"09.A453.11","BREMBO"
601702,"09.9545.10","BREMBO"
601920,"08.5729.10","BREMBO"
601923,"09.5870.34","BREMBO"
601925,"09.8695.14","BREMBO"
601929,"09.A430.10","BREMBO"
601930,"08.8727.10","BREMBO"
601933,"09.8003.10","BREMBO"
601939,"08.9512.27","BREMBO"
601940,"08.7238.10","BREMBO"
601945,"08.7351.14","BREMBO"
601950,"09.8760.10","BREMBO"
602001,"09.8873.30","BREMBO"
602201,"09.9585.14","BREMBO"
602202,"8.7352.10","BREMBO"
602205,"09.5254.20","BREMBO"
602207,"08.A029.11","BREMBO"
602208,"08.9975.20","BREMBO"
602209,"09.5584.10","BREMBO"
602220,"09.5253.10","BREMBO"
602221,"09.B272.10","BREMBO"
602230,"08.5691.10","BREMBO"
602240,"09.5449.14","BREMBO"
602260,"09.6942.10","BREMBO"
602270,"08.6899.10","BREMBO"
602275,"08.5443.40","BREMBO"
602280,"09.9078.10","BREMBO"
602301,"09.9481.11","BREMBO"
602302,"09.9362.11","BREMBO"
602303,"09.A358.11","BREMBO"
602305,"08.9175.10","BREMBO"
602307,"09.8680.14","BREMBO"
602310,"08.3636.10","BREMBO"
602312,"09.9510.14","BREMBO"
602313,"08.9509.14","BREMBO"
602314,"08.4753.10","BREMBO"
602315,"08.R101.11","BREMBO"
602316,"09.R104.11","BREMBO"
602320,"09.5843.10","BREMBO"
602321,"08.3126.14","BREMBO"
602324,"09.A818.10","BREMBO"
602327,"09.5058.14","BREMBO"
602331,"09.6725.10","BREMBO"
602338,"08.5959.10","BREMBO"
602345,"08.5952.10","BREMBO"
602347,"08.7219.10","BREMBO"
602348,"09.5843.34","BREMBO"
602350,"08.5086.14","BREMBO"
602360,"08.7358.10","BREMBO"
602361,"08.8679.10","BREMBO"
602362,"08.9580.20","BREMBO"
602363,"09.8681.10","BREMBO"
602364,"08.9580.10","BREMBO"
602365,"08.9729.10","BREMBO"
602366,"09.8127.10","BREMBO"
602367,"09.B843.10","BREMBO"
602370,"09.A448.20","BREMBO"
602371,"09.A448.10","BREMBO"
602372,"08.A737.10","BREMBO"
602373,"09.A736.10","BREMBO"
602374,"08.4750.10","BREMBO"
602375,"08.A612.40","BREMBO"
602376,"09.A760.10","BREMBO"
602377,"09.A621.10","BREMBO"
602378,"09.A613.40","BREMBO"
602379,"09.A727.20","BREMBO"
602380,"09.9825.20","BREMBO"
602381,"09.7960.10","BREMBO"
602382,"08.A734.11","BREMBO"
602383,"09.A732.11","BREMBO"
602401,"09.A761.10","BREMBO"
602402,"09.8655.10","BREMBO"
602410,"08.9163.10","BREMBO"
602503,"09.8665.10","BREMBO"
602504,"08.9734.10","BREMBO"
602505,"08.4931.24","BREMBO"
602506,"09.9589.14","BREMBO"
602507,"08.A297.10","BREMBO"
602511,"09.B637.11","BREMBO"
602512,"08.A607.10","BREMBO"
602513,"09.9991.10","BREMBO"
602514,"08.8316.10","BREMBO"
602516,"09.A148.40","BREMBO"
602517,"09.6840.10","BREMBO"
602519,"09.B647.10","BREMBO"
602520,"09.4914.34","BREMBO"
602521,"09.A911.10","BREMBO"
602525,"08.3637.10","BREMBO"
602535,"08.5013.10","BREMBO"
602540,"09.6879.20","BREMBO"
602541,"08.5808.10","BREMBO"
602544,"09.8837.14","BREMBO"
602545,"08.5164.14","BREMBO"
602546,"08.6935.10","BREMBO"
602550,"09.6727.14","BREMBO"
602554,"09.8960.10","BREMBO"
602560,"09.6967.14","BREMBO"
602564,"09.6934.14","BREMBO"
602565,"09.6959.10","BREMBO"
602575,"09.5707.75","BREMBO"
602580,"09.5708.10","BREMBO"
602585,"08.6903.14","BREMBO"
602590,"09.7806.14","BREMBO"
602595,"09.6967.14","BREMBO"
602601,"09.9368.11","BREMBO"
602603,"08.5443.11","BREMBO"
602615,"09.5509.14","BREMBO"
602620,"09.A716.11","BREMBO"
602621,"09.B632.10","BREMBO"
602622,"08.A715.10","BREMBO"
602624,"09.8969.20","BREMBO"
602625,"09.B354.10","BREMBO"
602635,"09.5285.10","BREMBO"
602640,"08.7104.10","BREMBO"
602702,"08.9826.10","BREMBO"
602703,"09.9162.11","BREMBO"
602705,"09.A861.14","BREMBO"
602716,"09.A969.10","BREMBO"
602718,"09.A630.10","BREMBO"
602719,"09.B358.10","BREMBO"
602801,"08.A858.17","BREMBO"
602803,"08.A729.17","BREMBO"
602804,"08.A755.10","BREMBO"
602805,"09.A637.11","BREMBO"
603001,"08.9465.10","BREMBO"
603010,"09.9617.11","BREMBO"
603012,"09.B352.10","BREMBO"
603013,"09.C285.11","BREMBO"
603015,"08.A141.10","BREMBO"
603016,"08.A135.17","BREMBO"
603020,"09.9821.11","BREMBO"
603022,"08.B369.17","BREMBO"
603031,"09.9818.10","BREMBO"
603032,"08.A238.17","BREMBO"
603033,"09.B353.10","BREMBO"
603034,"08.A826.17","BREMBO"
603035,"09.7807.10","BREMBO"
603040,"08.B395.17","BREMBO"
603041,"08.B391.17","BREMBO"
603042,"08.B397.17","BREMBO"
603205,"09.7824.10","BREMBO"
603207,"09.9464.24","BREMBO"
603240,"09.5584.14","BREMBO"
603265,"09.9131.10","BREMBO"
603270,"08.7352.10","BREMBO"
603275,"08.A112.10","BREMBO"
603307,"08.5725.10","BREMBO"
603310,"08.3189.20","BREMBO"
603316,"09.8404.10","BREMBO"
603317,"08.8405.10","BREMBO"
603320,"08.4738.14","BREMBO"
603325,"08.4750.34","BREMBO"
603330,"08.6968.10","BREMBO"
603335,"09.6983.10","BREMBO"
603340,"09.7314.14","BREMBO"
603341,"09.7218.10","BREMBO"
603342,"08.7211.10","BREMBO"
603343,"09.9508.14","BREMBO"
603344,"09.8475.10","BREMBO"
603345,"08.5178.30","BREMBO"
603346,"09.7359.20","BREMBO"
603350,"08.3959.20","BREMBO"
603355,"08.4750.40","BREMBO"
603360,"08.4738.24","BREMBO"
603368,"08.7724.10","BREMBO"
603370,"08.4750.30","BREMBO"
603375,"08.7725.10","BREMBO"
603390,"09.4869.44","BREMBO"
603395,"09.6845.10","BREMBO"
603410,"09.5004.10","BREMBO"
603520,"08.8163.10","BREMBO"
603540,"09.9574.40","BREMBO"
603542,"09.A445.10","BREMBO"
603544,"09.9503.10","BREMBO"
603601,"09.5857.14","BREMBO"
603602,"09.A921.14","BREMBO"
603603,"FD.137.000","BREMBO"
603610,"08.4475.14","BREMBO"
603612,"09.9165.10","BREMBO"
603613,"09.9728.14","BREMBO"
603614,"09.9177.10","BREMBO"
603615,"09.3090.14","BREMBO"
603617,"09.8601.10","BREMBO"
603624,"08.7015.10","BREMBO"
603625,"09.5148.24","BREMBO"
603630,"09.5527.24","BREMBO"
603631,"08.7627.10","BREMBO"
603633,"08.7626.10","BREMBO"
603639,"09.8937.10","BREMBO"
603640,"08.5309.10","BREMBO"
603641,"08.8638.10","BREMBO"
603642,"08.8705.10","BREMBO"
603643,"08.9371.10","BREMBO"
603644,"09.9080.10","BREMBO"
603646,"08.9511.10","BREMBO"
603648,"08.9597.10","BREMBO"
603650,"08.5748.10","BREMBO"
603652,"09.9159.10","BREMBO"
603655,"08.5891.10","BREMBO"
603660,"09.5749.10","BREMBO"
603665,"08.7014.10","BREMBO"
603670,"09.6997.10","BREMBO"
603675,"09.7628.14","BREMBO"
603680,"09.8635.10","BREMBO"
603690,"09.5889.10","BREMBO"
603695,"09.7629.10","BREMBO"
603696,"09.9369.10","BREMBO"
603701,"09.A538.10","BREMBO"
603710,"08.6931.10","BREMBO"
603720,"09.5906.14","BREMBO"
603740,"09.6925.14","BREMBO"
603750,"09.6932.10","BREMBO"
603755,"09.8303.10","BREMBO"
603770,"08.9719.10","BREMBO"
603905,"09.7292.34","BREMBO"
603906,"09.9185.11","BREMBO"
603907,"08.A333.10","BREMBO"
603908,"09.9817.10","BREMBO"
603909,"09.9817.10","BREMBO"
603910,"08.3147.14","BREMBO"
603911,"09.A417.11","BREMBO"
603912,"09.B043.10","BREMBO"
603913,"09.A865.11","BREMBO"
603914,"09.8137.14","BREMBO"
603915,"08.5645.30","BREMBO"
603919,"09.A204.10","BREMBO"
603920,"08.2958.14","BREMBO"
603921,"09.8936.10","BREMBO"
603922,"08.9792.17","BREMBO"
603923,"09.9074.10","BREMBO"
603925,"09.7386.44","BREMBO"
603929,"09.9895.10","BREMBO"
603930,"09.3148.14","BREMBO"
603931,"08.A912.10","BREMBO"
603932,"08.A534.20","BREMBO"
603933,"09.7395.10","BREMBO"
603934,"08.A335.10","BREMBO"
603935,"08.A714.10","BREMBO"
603937,"08.A429.10","BREMBO"
603939,"08.B646.11","BREMBO"
603940,"09.5802.24","BREMBO"
603950,"09.7717.10","BREMBO"
603960,"08.A336.10","BREMBO"
603961,"09.5624.10","BREMBO"
603962,"08.A273.10","BREMBO"
603963,"09.9559.14","BREMBO"
603964,"08.A337.10","BREMBO"
603965,"09.A713.11","BREMBO"
603966,"09.A707.10","BREMBO"
603967,"09.A535.10","BREMBO"
603968,"09.A913.14","BREMBO"
603969,"08.B044.10","BREMBO"
603970,"09.8545.10","BREMBO"
604101,"09.7764.10","BREMBO"
604102,"09.9130.11","BREMBO"
604103,"09.8633.10","BREMBO"
604104,"09.9755.10","BREMBO"
604105,"08.A537.10","BREMBO"
604107,"08.A536.10","BREMBO"
604108,"09.9827.10","BREMBO"
604110,"09.A757.11","BREMBO"
604111,"09.9848.10","BREMBO"
604201,"09.A616.10","BREMBO"
604230,"09.9867.11","BREMBO"
604231,"09.9768.10","BREMBO"
604240,"09.9447.14","BREMBO"
604305,"08.5243.24","BREMBO"
604510,"09.5084.20","BREMBO"
604522,"09.9928.14","BREMBO"
604530,"09.5844.10","BREMBO"
604550,"09.5736.14","BREMBO"
604565,"09.7395.10","BREMBO"
604570,"09.7825.10","BREMBO"
604582,"09.9824.10","BREMBO"
604584,"08.A331.10","BREMBO"
604590,"09.9799.10","BREMBO"
604595,"09.9790.10","BREMBO"
604709,"09.6728.10","BREMBO"
604710,"09.5033.10","BREMBO"
604715,"08.4874.14","BREMBO"
604720,"09.4765.14","BREMBO"
604725,"09.5745.10","BREMBO"
604730,"08.5743.14","BREMBO"
604731,"09.8483.10","BREMBO"
604732,"09.7821.10","BREMBO"
604733,"09.5566.10","BREMBO"
604735,"09.6799.14","BREMBO"
604737,"08.5714.10","BREMBO"
604739,"08.8843.20","BREMBO"
604740,"08.7165.14","BREMBO"
604741,"08.5709.10","BREMBO"
604743,"09.9534.14","BREMBO"
604745,"09.7195.10","BREMBO"
604746,"08.5768.10","BREMBO"
604750,"08.7165.20","BREMBO"
604752,"08.6751.10","BREMBO"
604753,"09.7010.20","BREMBO"
604755,"09.5570.10","BREMBO"
604757,"08.6911.14","BREMBO"
604758,"09.7011.14","BREMBO"
604760,"09.7196.14","BREMBO"
604765,"09.7012.14","BREMBO"
604767,"08.7288.14","BREMBO"
604768,"09.7131.14","BREMBO"
604770,"08.8408.10","BREMBO"
604772,"09.9931.14","BREMBO"
604773,"09.8690.11","BREMBO"
604775,"08.2794.14","BREMBO"
604778,"08.9136.10","BREMBO"
604780,"08.5149.14","BREMBO"
604782,"08.9918.20","BREMBO"
604784,"09.9772.10","BREMBO"
604785,"08.5497.10","BREMBO"
604786,"08.A202.10","BREMBO"
604787,"09.9167.10","BREMBO"
604788,"09.9145.10","BREMBO"
604789,"08.9502.10","BREMBO"
604794,"09.9488.10","BREMBO"
604796,"09.9442.14","BREMBO"
604797,"09.9582.10","BREMBO"
604815,"09.7720.10","BREMBO"
604840,"08.7042.10","BREMBO"
604848,"09.9464.11","BREMBO"
604849,"09.9468.11","BREMBO"
604895,"08.9975.10","BREMBO"
604896,"08.A029.20","BREMBO"
605008,"09.3090.20","BREMBO"
605009,"09.9483.10","BREMBO"
605015,"09.7820.10","BREMBO"
605025,"08.7822.10","BREMBO"
605035,"08.5026.20","BREMBO"
605214,"09.A271.14","BREMBO"
609320,"09.5801.10","BREMBO"
609330,"09.7367.14","BREMBO"
609910,"08.2985.14","BREMBO"
609915,"09.4987.24","BREMBO"
609920,"08.4929.14","BREMBO"
609922,"09.4939.20","BREMBO"
609923,"09.4939.14","BREMBO"
609925,"09.5196.14","BREMBO"
609926,"08.3126.24","BREMBO"
609930,"08.5085.10","BREMBO"
609935,"08.5005.10","BREMBO"
609940,"09.5166.14","BREMBO"
609942,"09.5180.20","BREMBO"
609950,"08.4177.14","BREMBO"
609955,"09.5870.14","BREMBO"
609965,"08.5905.10","BREMBO"
609980,"09.8931.10","BREMBO"
609981,"09.A235.20","BREMBO"
609982,"08.8094.50","BREMBO"
609990,"08.5334.10","BREMBO"
301530,"24.0222-8013.1","ATE"
302310,"24.0220-3007.1","ATE"
302320,"24.0218-0011.1","ATE"
302330,"24.0218-5001.1","ATE"
302340,"24.0218-5002.1","ATE"
302510,"24.0218-0024.2","ATE"
303610,"24.0220-0001.2","ATE"
303620,"24.0220-0011.2","ATE"
303630,"24.0220-0033.2","ATE"
303640,"24.0220-0012.1","ATE"
303650,"24.0223-0013.2","ATE"
303720,"24.0222-8017.1","ATE"
303730,"24.0225-4002.1","ATE"
303910,"24.0218-0032.1","ATE"
303920,"24.0218-0032.1","ATE"
304201,"24.0220.0018.1","ATE"
304320,"24.0223-0016.1","ATE"
304710,"24.0218-0007.1","ATE"
304720,"24.0220.0018.1","ATE"
304780,"24.0220-0037.1","ATE"
304790,"24.0223-0012.1","ATE"
305010,"24.0218-0035.1","ATE"
309910,"24.0220.0018.1","ATE"
309920,"24.0225-2003.1","ATE"
600101,"24.0126-0125.1","ATE"
600102,"24.0122-0233.1","ATE"
600103,"24.0128-0192.1","ATE"
600104,"24.0128-0191.1","ATE"
600201,"24.0109-0133.1","ATE"
600202,"24.0112-0166.1","ATE"
600203,"24.0130-0113.1","ATE"
600204,"24.0122-0219.1","ATE"
600205,"24.0110-0356.1","ATE"
600207,"24.0125-0184.1","ATE"
600210,"24.0125-0149.1","ATE"
600211,"24.0130-0176.1","ATE"
600212,"24.0110-0259.1","ATE"
600213,"24.0110-0260.1","ATE"
600214,"24.0122-0223.1","ATE"
600215,"24.0112-0178.1","ATE"
600216,"24.0129-0102.1","ATE"
600217,"24.0130-0193.1.","ATE"
600218,"24.0130-0115.1","ATE"
600220,"24.0134-0123.1","ATE"
600221,"24.0134-0124.1","ATE"
600222,"24.0134-0100.1","ATE"
600223,"24.0122-0212.1","ATE"
600301,"24.0120-0195.1","ATE"
600302,"24.0124-0197.1","ATE"
600303,"24.0122-0238.1","ATE"
600304,"24.0124-0181.1","ATE"
600305,"24.0120-0183.1","ATE"
600306,"24.0110-0314.1","ATE"
600307,"24.0110-0315.1","ATE"
600310,"24.0330-0107.1","ATE"
600320,"24.0120-0204.1","ATE"
600321,"24.0124-0203.1","ATE"
600322,"24.0130-0173.1","ATE"
600323,"24.0120-0213.1","ATE"
600324,"24.0124-0200.1","ATE"
600325,"24.0122-0236.1","ATE"
600326,"24.0130-0186.2","ATE"
600327,"24.0130-0117.1","ATE"
600328,"24.0124-0177.1","ATE"
600329,"24.0124-0213.1","ATE"
600330,"24.0120-0178.1","ATE"
600331,"24.0130-0109.1","ATE"
600332,"24.0125-0160.1","ATE"
600333,"24.0122-0224.1","ATE"
600334,"24.0112-0152.1","ATE"
600335,"24.0120-0206.1","ATE"
600336,"24.0130-0200.1","ATE"
600337,"24.0124-0216.1","ATE"
600338,"24.0130-0199.1","ATE"
600339,"24.0136-0109.1","ATE"
600340,"24.0122-0209.1","ATE"
600401,"24.0126-0165.1","ATE"
600402,"24.0112-0188.1","ATE"
600403,"24.0112-0189.1","ATE"
600404,"24.0120-0209.1","ATE"
600405,"24.0126-0166.1","ATE"
600406,"24.0110-0340.1","ATE"
600501,"24.0128-0147.1","ATE"
600502,"24.0113-0196.1","ATE"
600503,"24.0123-0107.1","ATE"
600504,"24.0110-0363.1","ATE"
600602," 24.0109-0149.1","ATE"
600603,"24.0126-0140.1","ATE"
600605,"24.0132-0131.1","ATE"
600610,"24.0112-0156.1","ATE"
600611,"24.0128-0214.1","ATE"
600612,"24.0114-0116.1","ATE"
600620,"24.0116-0125.1","ATE"
600621,"24.0130-0181.1","ATE"
600622,"24.0124-0215.1","ATE"
600701,"24.0124-0221.1","ATE"
600703,"24.0112-0171.1","ATE"
600901,"24.0120-0184.1","ATE"
600902,"24.0128-0253.1","ATE"
600903,"24.0128-0185.1","ATE"
600904,"24.0110-0323.1","ATE"
600905,"24.0120-0173.1","ATE"
600906,"24.0122-0241.1","ATE"
600907,"24.0122-0252.1","ATE"
601001,"24.0113-0194.1","ATE"
601003,"24.0128-0154.1","ATE"
601004,"24.0125-0199.1","ATE"
601005,"24.0123-0113.1","ATE"
601006,"24.0125-0197.1","ATE"
601011,"24.0128-0157.1","ATE"
601012,"24.0116-0116.2","ATE"
601013,"24.0116-0126.1","ATE"
601014,"24.0128-0156.1 ","ATE"
601020,"24.0115-0108.1","ATE"
601040,"24.0311-0145.1","ATE"
601050,"24.0128-0162.1","ATE"
601201,"24.0125-0174.1","ATE"
601202,"24.0110-0321.1","ATE"
601203,"24.0132-0172.1","ATE"
601204,"24.0121-0113.1","ATE"
601210,"24.0109-0161.1","ATE"
601211,"24.0125-0173.1","ATE"
601213,"24.0109-0158.1","ATE"
601214,"24.0123-0109.1","ATE"
601215,"24.0109-0111.1","ATE"
601302,"24.0128-0256.1","ATE"
601310,"24.0110-0312.1","ATE"
601311,"24.0119-0115.1","ATE"
601312,"24.0119-0116.1","ATE"
601313,"24.0110-0318.1","ATE"
601320,"24.0122-0260.1","ATE"
601321,"24.0126-0171.1","ATE"
601322,"24.0118-0151.1","ATE"
601323,"24.0128-0234.1","ATE"
601324,"24.0110-0286.1","ATE"
601325,"24.0126-0126.1","ATE"
601326,"24.0111-0146.1","ATE"
601327,"24.0128-0158.1","ATE"
601502,"24.0119-0107.1","ATE"
601503,"24.0122-0160.1","ATE"
601506,"24.0119-0108.1","ATE"
601515,"24.0122-0103.1","ATE"
601520,"24.0110-0117.1","ATE"
601525,"24.0122-0159.1","ATE"
601530,"24.0112-0124.1","ATE"
601535,"24.0122-0115.1","ATE"
601537,"24.0110-0227.1","ATE"
601539,"24.0120-0154.1","ATE"
601540,"24.0112-0126.1","ATE"
601550,"24.0130-0101.1","ATE"
601555,"24.0113-0167.1","ATE"
601590,"24.0110-0202.1","ATE"
601701,"24.0120-0202.1","ATE"
601702,"24.0128-0200.1","ATE"
601920,"24.0109-0122.1","ATE"
601923,"24.0120-0155.1","ATE"
601925,"24.0122-0194.1","ATE"
601929,"24.0128-0216.1","ATE"
601930,"24.0114-0112.1","ATE"
601933,"24.0128-0136.1","ATE"
601939,"24.0109-0150.2","ATE"
601940,"24.0113-0184.1","ATE"
601945,"24.0113-0185.1","ATE"
601950,"24.0126-0120.1","ATE"
602001,"24.0130-0178.1","ATE"
602201,"24.0124-0175.1","ATE"
602202,"24.0110-0234.1","ATE"
602205,"24.0122-0179.1","ATE"
602207,"24.0111-0164.1","ATE"
602208,"24.0111-0160.1","ATE"
602209,"24.0125-0170.1","ATE"
602220,"24.0118-0107.1","ATE"
602221,"24.0125-0188.1","ATE"
602230,"24.0112-0137.1","ATE"
602240,"24.0122-0146.1","ATE"
602260,"24.0118-0117.1","ATE"
602270,"24.0107-0108.1","ATE"
602280,"24.0122-0216.1","ATE"
602285,"24.0118-0139.1","ATE"
602290,"24.0120-0203.1","ATE"
602301,"24.0128-0142.1","ATE"
602302,"24.0128-0176.1","ATE"
602303,"24.0122-0201.1","ATE"
602305,"24.1112-0149.1","ATE"
602307,"24.0122-0232.1","ATE"
602310,"24.0111-0130.1","ATE"
602312,"24.0128-0202.1","ATE"
602313,"24.0116-0121.1","ATE"
602314,"24.0112-0122.1","ATE"
602315,"24.0114-0114.1","ATE"
602316,"24.0132-0158.1","ATE"
602320,"24.0122-0197.1","ATE"
602321,"24.0110-0190.1","ATE"
602324,"24.0124-0212.1","ATE"
602327,"24.0122-0107.1","ATE"
602331,"24.0120-0193.1","ATE"
602347,"24.0122-0262.1","ATE"
602348,"24.0122-0231.1","ATE"
602350,"24.0112-0127.1","ATE"
602360,"24.0112-0144.1","ATE"
602361,"24.0112-0167.1","ATE"
602362,"24.0108-0111.1","ATE"
602363,"24.0125-0167.1","ATE"
602364,"24.0108-0113.1","ATE"
602365,"24.0111-0153.1","ATE"
602366,"24.0128-0125.1","ATE"
602367,"24.0122-0199.1","ATE"
602370,"24.0128-0177.1","ATE"
602371,"24.0128-0188.1","ATE"
602372,"24.0109-0154.1","ATE"
602373,"24.0125-0179.1","ATE"
602374,"24.0128-0100.1","ATE"
602375,"24.0110-0328.1","ATE"
602376,"24.0120-0208.1","ATE"
602377,"24.0132-0101.1","ATE"
602378,"24.0128-0155.1","ATE"
602379,"24.0124-0222.1","ATE"
602380,"24.0132-0144.1","ATE"
602381,"24.0132-0115.1","ATE"
602382,"24.0112-0183.1","ATE"
602383,"24.0132-0137.1","ATE"
602401,"24.0122-0248.1","ATE"
602402,"24.0122-0204.1","ATE"
602410,"24.0110-0271.1","ATE"
602503,"24.0124-0161.1","ATE"
602504,"24.0112-0154.1","ATE"
602505,"24.0110-0115.1","ATE"
602506,"24.0124-0179.1","ATE"
602511,"24.0118-0146.1","ATE"
602512,"24.0110-0304.1","ATE"
602513,"24.0124-0192.1","ATE"
602514,"24.0110-0240.1","ATE"
602516,"24.0126-0131.1","ATE"
602517,"24.0124-0140.1","ATE"
602518,"24.0110-0345.1","ATE"
602519,"24.0126-0164.1","ATE"
602520,"24.0124-0112.1","ATE"
602521,"24.0122-0724.1","ATE"
602525,"24.0114-0100.1","ATE"
602526,"24.0110-0704.1","ATE"
602535,"24.0114-0103.1","ATE"
602540,"24.0124-0121.1","ATE"
602541,"24.0110-0213.1","ATE"
602544,"24.0124-0168.1","ATE"
602545,"24.0110-0196.1","ATE"
602546,"24.0110-0223.1","ATE"
602550,"24.0120-0147.1","ATE"
602554,"24.0124-0167.1","ATE"
602560,"24.0124-0131.1","ATE"
602564,"24.0125-0114.1","ATE"
602565,"24.0124-0132.1","ATE"
602575,"24.0124-0120.1","ATE"
602580,"24.0120-0146.1","ATE"
602585,"24.0112-0141.1","ATE"
602590,"24.0122-0172.1","ATE"
602595,"24.0124-0131.1","ATE"
602601,"24.0128-0140.1","ATE"
602603,"24.0110-0215.1","ATE"
602615,"24.0121-0105.1","ATE"
602620,"24.0126-0154.1","ATE"
602621,"24.0124-0238.1","ATE"
602622,"24.0109-0157.1","ATE"
602623,"24.0128-0241.1","ATE"
602624,"24.0116-0119.1","ATE"
602625,"24.0128-0242.1","ATE"
602635,"24.0121-0104.1","ATE"
602640,"24.0110-0212.1","ATE"
602670,"24.0110-0326.1","ATE"
602702,"24.0110-0291.1","ATE"
602703,"24.0128-0137.1","ATE"
602705,"24.0126-0146.1","ATE"
602716,"24.0130-0207.1","ATE"
602718,"24.0129-0101.1","ATE"
602719,"24.0130-0208.1","ATE"
602726,"24.0112-0187.1","ATE"
602801,"24.0109-0171.2","ATE"
602803,"24.0112-0194.2","ATE"
602804,"24.0110-0330.1","ATE"
602805,"24.0126-0170.1","ATE"
603001,"24.0112-0160.1","ATE"
603010,"24.0124-0136.1","ATE"
603012,"24.0128-0245.1","ATE"
603013,"24.0122-0289.1","ATE"
603015,"24.0108-0112.1","ATE"
603016,"24.0110-0325.2","ATE"
603020,"24.0128-0182","ATE"
603022,"24.0108-0116.2","ATE"
603031,"24.0128-0133.1","ATE"
603032,"24.0111-0148.2","ATE"
603033,"24.0126-0158.1","ATE"
603035,"24.0128-0134.1","ATE"
603040,"24.0111-0174.2","ATE"
603041,"24.0108-0118.2","ATE"
603042,"24.0111-0180.2","ATE"
603205,"24.0122-0207.1","ATE"
603207,"24.0125-0165.1","ATE"
603240,"24.0124-0129.1","ATE"
603265,"24.0125-0147.1","ATE"
603270,"24.0110-0234.1","ATE"
603275,"24.0110-0302.1","ATE"
603301,"24.0122-0281.1","ATE"
603307,"24.0112-0129.1","ATE"
603310,"24.0113-0137.1","ATE"
603316,"24.0128-0145.1","ATE"
603317,"24.0110-0280.1","ATE"
603320,"24.0109-0120.1","ATE"
603325,"24.0112-0117.1","ATE"
603330,"24.0110-0228.1","ATE"
603335,"24.0122-0162.1","ATE"
603340,"24.0122-0161.1","ATE"
603341,"24.0128-0106.1","ATE"
603342,"24.0110-0217.1","ATE"
603343,"24.0128-0203.1","ATE"
603344,"24.0122-0196.1","ATE"
603345,"24.0109-0114.1","ATE"
603346,"24.0122-0168.1","ATE"
603350,"24.0116-0100.1","ATE"
603355,"24.0112-0128.1","ATE"
603360,"24.0109-0120.1","ATE"
603368,"24.0112-0142.1","ATE"
603370,"24.0112-0117.1","ATE"
603375,"24.0116-0110.1","ATE"
603390,"24.0122-0132.1","ATE"
603395,"24.0125-0110.1","ATE"
603410,"24.0119-0109.1","ATE"
603515,"24.0110-0308.1","ATE"
603520,"24.0109-0136.1","ATE"
603542,"24.0122-0260.1","ATE"
603544,"24.0118-0145.1","ATE"
603545,"24.0110-0324.1","ATE"
603601,"24.0117-0103.1","ATE"
603602,"24.0124-0196.1","ATE"
603603,"24.0124-0145.1","ATE"
603610,"24.0113-0161.1","ATE"
603612,"24.0125-0141.1","ATE"
603613,"24.0117-0106.1","ATE"
603614,"24.0128-0164.1","ATE"
603615,"24.0120-0115.1","ATE"
603617,"24.0124-0166.1","ATE"
603624,"24.0110-0226.1","ATE"
603625,"24.0124-0115.1","ATE"
603630,"24.0120-0140.1","ATE"
603631,"24.0110-0250.1","ATE"
603633,"24.0110-0251.1","ATE"
603639,"24.0128-0132.1","ATE"
603640,"24.0110-0144.1","ATE"
603641,"24.0111-0152.1","ATE"
603642,"24.0112-0153.1","ATE"
603643,"24.0112-0155.1","ATE"
603644,"24.0128-0129.1","ATE"
603646,"24.0112-0157.1","ATE"
603648,"24.0112-0177.2","ATE"
603650,"24.0110-0205.1","ATE"
603652,"24.0125-0148.1","ATE"
603655,"24.0112-0131.1","ATE"
603660,"24.0128-0104.1","ATE"
603665,"24.0110-0225.1","ATE"
603670,"24.0125-0119.1","ATE"
603675,"24.0124-0152.1","ATE"
603680,"24.0120-0174.1","ATE"
603690,"24.0124-0119.1","ATE"
603695,"24.0125-0131.1","ATE"
603696,"24.0325-0142.1","ATE"
603701,"24.0125-0190.1","ATE"
603710,"24.0110-0230.1","ATE"
603720,"24.0124-0138.1","ATE"
603740,"24.0126-0106.1","ATE"
603750,"24.0124-0139.1","ATE"
603755,"24.0126-0121.1","ATE"
603770,"24.0109-0137.1","ATE"
603905,"24.0122-0148.1","ATE"
603906,"24.0125-0143.1","ATE"
603907,"24.0109-0152.1","ATE"
603908,"24.0126-0138.1","ATE"
603909,"24.0126-0138.1","ATE"
603910,"24.0108-0104.1","ATE"
603911,"24.0128-0159.1","ATE"
603912,"24.0126-0156.1","ATE"
603913,"24.0126-0148.1","ATE"
603914,"24.0124-0171.1","ATE"
603915,"24.0110-0219.1","ATE"
603919,"24.0128-0194.1","ATE"
603920,"24.0112-0116.1","ATE"
603921,"24.0124-0169.1","ATE"
603922,"24.0111-0101.2","ATE"
603923,"24.0126-0123.1","ATE"
603925,"24.0124-0158.1","ATE"
603926,"24.0111-0166.2","ATE"
603929,"24.0124-0191.1","ATE"
603930,"24.0120-0125.1","ATE"
603931,"24.0110-0337.1","ATE"
603932,"24.0109-0155.1","ATE"
603933,"24.0122-0256.1","ATE"
603934,"24.0110-0311.1","ATE"
603935,"24.0110-0333.1","ATE"
603936,"24.0126-0160.1","ATE"
603937,"24.0112-0714.1","ATE"
603938,"24.0125-0178.1","ATE"
603939,"24.0111-0168.1","ATE"
603940,"24.0121-0106.1","ATE"
603950,"24.0124-0162.1","ATE"
603960,"24.0110-0284.1","ATE"
603961,"24.0128-0115.1","ATE"
603962,"24.0109-0139.1","ATE"
603963,"24.0125-0157.1","ATE"
603964,"24.0109-0140.1","ATE"
603965,"24.0122-0258.1","ATE"
603966,"24.0122-0246.1","ATE"
603967,"24.0122-0254.1","ATE"
603968,"24.0122-0240.1","ATE"
603969,"24.0109-0142.1","ATE"
603970,"24.0120-0175.1","ATE"
604101,"24.0112-0151.1","ATE"
604102,"24.0128-0123.1","ATE"
604103,"24.0126-0122.1","ATE"
604104,"24.0128-0144.1","ATE"
604105,"24.0111-0147.1","ATE"
604107,"24.0112-0180.1","ATE"
604108,"24.0120-0122.1","ATE"
604110,"24.0128-0184.1","ATE"
604111,"24.0130-0116.1","ATE"
604201,"24.0122-0215.1","ATE"
604230,"24.0132-0117.1","ATE"
604231,"24.0132-0118.1","ATE"
604240,"24.0132-0116.1","ATE"
604305,"24.0113-0182.1","ATE"
604510,"24.0118-0110.1","ATE"
604522,"24.0120-0180.1","ATE"
604530,"24.0125-0124.1","ATE"
604550,"24.0122-0158.1","ATE"
604565,"24.0125-0140.1","ATE"
604570,"24.0118-0131.1","ATE"
604582,"24.0125-0155.1","ATE"
604584,"24.0109-0138.1","ATE"
604590,"24.0126-0139.1","ATE"
604595,"24.0125-0156.1","ATE"
604709,"24.0122-0101.1","ATE"
604710,"24.0122-0118.1","ATE"
604715,"24.0110-0178.1","ATE"
604720,"24.0120-0123.1","ATE"
604725,"24.0125-0105.1","ATE"
604730,"24.0110-0201.1","ATE"
604731,"24.0118-0137.1","ATE"
604732,"24.0122-0139.1","ATE"
604733,"24.0124-0118.1","ATE"
604735,"24.0118-0106.1","ATE"
604737,"24.0113-0166.1","ATE"
604740,"24.0109-0123.1","ATE"
604741,"24.0113-0179.1","ATE"
604743,"24.0130-0175.1","ATE"
604745,"24.0125-0115.1","ATE"
604746,"24.0118-0105.1","ATE"
604752,"24.0113-0181.1","ATE"
604753,"24.0125-0113.1","ATE"
604755,"24.0122-0100.1","ATE"
604757,"24.0110-0210.1","ATE"
604758,"24.0122-0151.1","ATE"
604760,"24.0122-0152.1","ATE"
604765,"24.0122-0150.1","ATE"
604767,"24.0112-0138.1","ATE"
604768,"24.0124-0128.1","ATE"
604770,"24.0110-0224.1","ATE"
604772,"24.0126-0115.1","ATE"
604773,"24.0125-0137.1","ATE"
604778,"24.0110-0261.1","ATE"
604780,"24.0113-0178.1","ATE"
604782,"24.0112-0148.1","ATE"
604785,"24.0116-0108.1","ATE"
604787,"24.0122-0210.1","ATE"
604788,"24.0125-0145.1","ATE"
604789,"24.0110-0277.1","ATE"
604794,"24.0112-0158.1","ATE"
604796,"24.0130-0114.1","ATE"
604797,"24.0122-0211.1","ATE"
604815,"24.0124-0159.1","ATE"
604840,"24.0110-0229.1","ATE"
604848,"24.0125-0117.1","ATE"
604849,"24.0125-0162.1","ATE"
604895,"24.0111-0158.1","ATE"
604896,"24.0111-0155.1","ATE"
605005,"24.0110-0282.1","ATE"
605008,"24.0120-0115.1","ATE"
605009,"24.0124-0199.1","ATE"
605015,"24.0124-0163.1","ATE"
605020,"24.0110-0714.1","ATE"
605025,"24.0113-0195.1","ATE"
605035,"24.0110-0136.1","ATE"
605220,"24.0117-0109.1","ATE"
609320,"24.0124-0193.1","ATE"
609910,"24.0110-0187.1","ATE"
609915,"24.0120-0133.1","ATE"
609920,"24.0108-0107.1","ATE"
609922,"24.0122-0145.1","ATE"
609923,"24.0122-0147.1","ATE"
609925,"24.0120-0132.1","ATE"
609926,"24.0110-0209.1","ATE"
609930,"24.0111-0119.1","ATE"
609935,"24.0110-0111.1","ATE"
609940,"24.0120-0128.1","ATE"
609942,"24.0126-0104.1","ATE"
609950,"24.0112-0106.1","ATE"
609955,"24.0120-0142.1","ATE"
609965,"24.0118-0108.1","ATE"
609980,"24.0124-0127.1","ATE"
609981,"24.0128-0213.1","ATE"
609982,"24.0116-0124.1","ATE"
609990,"24.0108-0106.1","ATE"
